"Time (s)","Distance (cm)"
3.308083331E-3,5.000000000E0
1.546797708E0,0.000000000E0
2.306309308E1,5.000000000E0
2.439700512E1,0.000000000E0
1.179277244E2,5.000000000E0