"Time (s)","Distance (cm)"
7.238999940E-3,5.000000000E0
9.163396667E-1,0.000000000E0
1.360393456E2,5.000000000E0