"Time (s)","Distance (cm)"
2.512458334E-3,5.000000000E0
2.466015667E0,0.000000000E0
1.325576250E2,5.000000000E0