"Time (s)","Distance (cm)"
5.579583318E-3,5.000000000E0
1.818150667E0,0.000000000E0
3.148681956E2,5.000000000E0