"event","experiment time","system time","system time text"
"START",0.000000000000000E0,1.717938891733731E9,"2024-06-09 15:14:51.734 UTC+02:00"
