"Time (s)","Distance (cm)"
2.872041667E-3,5.000000000E0
2.542670208E0,0.000000000E0
1.607684237E1,5.000000000E0
1.787768646E1,0.000000000E0
2.097270404E2,5.000000000E0