"Time (s)","Distance (cm)"
5.021000004E-3,5.000000000E0
2.141156875E0,0.000000000E0
2.334253729E1,5.000000000E0
2.471034617E1,0.000000000E0
2.299782910E2,5.000000000E0