"Time (s)","Distance (cm)"
2.814441666E-2,5.000000000E0
3.614502333E0,0.000000000E0
3.218245250E2,5.000000000E0