"Time (s)","Distance (cm)"
5.719916662E-3,5.000000000E0
2.301327750E0,0.000000000E0
2.535489920E2,5.000000000E0