"Time (s)","Distance (cm)"
3.403037498E-2,5.000000000E0
1.779364792E0,0.000000000E0
3.158178780E2,5.000000000E0