"Time (s)","Distance (cm)"
4.437625001E-2,5.000000000E0