"Time (s)","Distance (cm)"
3.789916667E-3,5.000000000E0
1.383332792E0,0.000000000E0
2.032193487E2,5.000000000E0