"Time (s)","Distance (cm)"
6.365333335E-3,5.000000000E0
1.229475875E0,0.000000000E0
6.026881468E2,5.000000000E0