"Time (s)","Distance (cm)"
3.618533333E-2,5.000000000E0
2.896668333E0,0.000000000E0
6.813504750E0,5.000000000E0
8.197360542E0,0.000000000E0
1.225094846E2,5.000000000E0