"Time (s)","Distance (cm)"
3.718208405E-3,5.000000000E0
5.944184292E0,0.000000000E0
2.756609954E2,5.000000000E0
2.777859177E2,0.000000000E0
2.791896653E2,5.000000000E0