"Time (s)","Distance (cm)"
6.611666668E-3,5.000000000E0
1.382485958E0,0.000000000E0
3.545103576E2,5.000000000E0