"Time (s)","Distance (cm)"
4.495204166E-2,5.000000000E0
3.727465042E0,0.000000000E0
7.127698875E0,5.000000000E0
9.476732958E0,0.000000000E0
2.950512439E2,5.000000000E0