"event","experiment time","system time","system time text"
"START",0.000000000000000E0,1.717920025321538E9,"2024-06-09 10:00:25.322 UTC+02:00"
