"Time (s)","Distance (cm)"
3.540470834E-2,5.000000000E0
1.558287375E0,0.000000000E0
7.149581374E2,5.000000000E0