"Time (s)","Distance (cm)"
3.289499997E-3,5.000000000E0
2.198358417E0,0.000000000E0
2.420572615E2,5.000000000E0