"Time (s)","Distance (cm)"
2.425312500E-2,5.000000000E0
1.409295792E0,0.000000000E0
1.570938724E2,5.000000000E0