"Time (s)","Distance (cm)"
1.142741670E-2,5.000000000E0
3.821960000E0,0.000000000E0
2.025924547E2,5.000000000E0