"Time (s)","Distance (cm)"
5.933708333E-3,5.000000000E0
1.799500792E0,0.000000000E0
1.297679157E2,5.000000000E0