"Time (s)","Distance (cm)"
4.697291661E-3,5.000000000E0
8.458236250E-1,0.000000000E0
7.670101446E1,5.000000000E0
7.781891146E1,0.000000000E0
2.888369897E2,5.000000000E0