"Time (s)","Distance (cm)"
3.777374979E-3,5.000000000E0
1.317027250E0,0.000000000E0
2.739603173E2,5.000000000E0