"Time (s)","Distance (cm)"
3.960458329E-3,5.000000000E0
1.331293250E0,0.000000000E0
3.822731930E2,5.000000000E0
3.825766600E2,0.000000000E0
3.827100123E2,5.000000000E0