"Time (s)","Distance (cm)"
1.326650000E-2,5.000000000E0
1.246994083E0,0.000000000E0
6.411295208E0,5.000000000E0
9.454169625E0,0.000000000E0
3.373647329E2,5.000000000E0